X1,Y1,Z1,X2,Y2,Z2,Slope,Distance
-10.820239067077637,-10.270978927612305,781.6102905273438,-11.51457405090332,-20.412607192993164,781.9246215820312,0.0309217557841176,10.17022757635625
